,age,key
0,58,IAfpK
1,64,WNVdi
2,47,jp9zt
3,68,0Sr4C
4,76,CGEqo
5,79,IxKVQ
6,29,eD221
7,32,XZbHV
8,88,k1SN5
9,65,4SCsU
10,33,q3kG6
11,13,MGQpf
12,14,Kj6xW
13,30,tg2VM
14,24,WSnCU
15,46,f1Vvz
16,72,dOS7A
17,82,tDojg
18,48,nZyJA
19,29,R8JTk
20,66,005Ot
21,12,HHROm
22,51,5yzG8
23,38,xMJ5D
24,82,TXtVu
25,84,Hz38B
26,27,WfObU
27,14,mmqYB
28,62,4Z3Ay
29,55,x3B0i
30,72,QCiQB
31,66,zGtmR
32,8,nlIN9
33,50,hKalB
34,17,Na33O
35,15,jMeXm
36,32,OO2Mc
37,34,hhowx
38,60,gLMJf
39,66,PblX6
40,22,8Vm5W
41,88,oZKd6
42,25,RXNfQ
43,64,3yy0p
44,80,FrQbL
45,55,vlUkk
46,80,DP8po
47,84,EroX6
48,86,3bsll
49,85,QhZjA
50,74,wm6uc
51,75,MC1FM
52,64,AMxZr
53,4,ee03Q
54,41,9fGea
55,74,3TE9U
56,13,FoSMR
57,57,4To0X
58,33,5CZY3
59,79,qFvKG
60,2,W7bUh
61,15,htab7
62,77,KRyu2
63,80,GLkk7
64,51,jnXf6
65,43,YBTJ9
66,30,auL0J
67,4,ZHmmd
68,7,01iNV
69,55,7ldyh
70,88,TjXbT
71,3,ochyW
72,1,lsGXW
73,45,5o7Bd
74,79,APWEf
75,81,LRmKc
76,12,uZIoQ
77,42,Zf79H
78,6,NrpEI
79,22,XzYKx
80,62,kk0sU
81,74,p5uue
82,75,WscQQ
83,19,tRogh
84,60,ur4rW
85,19,IkCeS
86,11,vtGK4
87,38,C87cQ
88,39,0qXDb
89,46,KtBjN
90,3,f2h36
91,38,tGzgU
92,0,hIrPv
93,25,Tq7IX
94,46,F4k9K
95,17,9duxK
96,68,jTHDj
97,1,6GHpE
98,9,ye9us
99,72,eOfZO
100,88,I25vO
101,38,nqtBH
102,70,Dwn6b
103,37,4Qkdc
104,77,xvOa3
105,30,dg4rX
106,73,S9YbW
107,22,WhQqH
108,88,fexMF
109,16,Gzr0n
110,73,yFfjA
111,88,EfAKS
112,12,5Enyf
113,25,DK3HU
114,13,iGEBf
115,27,7r5UR
116,33,TQx1J
117,26,VlFwT
118,10,gnEgG
119,3,6P8gz
120,14,JnQLt
121,58,D3WJv
122,66,EXPMD
123,17,RzIDx
124,46,m6oYq
125,78,XTKAk
126,33,ZPLrJ
127,10,pDktp
128,18,TE9BG
129,35,7IS0l
130,58,yMY5X
131,29,jniwe
132,6,eb7lG
133,2,uzaoH
134,64,pUQoE
135,20,JZcuo
136,73,XwKBi
137,31,Zv4q9
138,76,HMD5T
139,75,rA4bI
140,86,PAMR7
141,2,tb8mz
142,18,vPcXk
143,5,c0Ixk
144,63,nkRrD
145,7,ISzFh
146,71,kcC1y
147,27,6J0WQ
148,72,FgiVY
149,50,Z8M30
150,48,Ep2Br
151,1,w9MRR
152,49,GI7oe
153,67,3ehsB
154,87,UW3dX
155,64,094dk
156,83,6tW4g
157,39,dT9IK
158,27,AofBp
159,71,7flGb
160,18,IBDqH
161,60,K2qn9
162,13,Qe7YJ
163,1,jqCHl
164,1,3R2IN
165,22,oVzfV
166,47,3yGCN
167,89,DOMm4
168,33,7EFRj
169,39,t1qsV
170,14,CBal1
171,68,BC0vr
172,47,0yY6L
173,62,Z8kX8
174,66,5oH1d
175,6,w0r3A
176,55,Bu8uK
177,35,vyqhK
178,58,7Zgz6
179,18,T573t
180,48,Rr4WR
181,39,kxnBU
182,45,XI3Jo
183,43,IAE95
184,59,rfSBT
185,57,znDPW
186,4,mBDDN
187,35,2hL0t
188,33,MbHM6
189,88,bS5oR
190,24,Rav2A
191,74,aLQO7
192,81,QCTUi
193,39,0HZlb
194,5,zshkO
195,75,q5EUd
196,20,WwgjN
197,3,LzTMa
198,32,uumoL
199,80,m3LJI
200,39,rU10P
201,79,gVTQz
202,47,wZjna
203,77,3d1E0
204,89,Ra74M
205,11,FJXHG
206,37,MckmR
207,2,tSqfN
208,40,HHkpI
209,34,S7rIA
210,2,vnpjJ
211,84,t8WSa
212,11,38fyp
213,72,Znot2
214,65,OGqoG
215,58,7VKiL
216,79,UdlEG
217,47,BXxIS
218,10,eW6F8
219,86,GASTN
220,53,SP0yy
221,17,ysN9w
222,76,KVGGz
223,47,yhEVk
224,67,vvlgV
225,21,aIMuS
226,41,KcHZk
227,35,6n8pa
228,3,ADTut
229,37,WNJXO
230,67,qta1A
231,67,cJOTp
232,71,1Bgd3
233,67,sHepZ
234,65,JoMvH
235,53,h1gF0
236,41,we7hP
237,8,Ztl8x
238,43,7pkQj
239,21,fkBah
240,55,FWETS
241,26,Gb4IY
242,57,U88H6
243,8,iExWE
244,8,7sl6v
245,9,iwI1x
246,60,cdKUG
247,57,xb127
248,15,dqYi8
249,80,opO2h
250,37,RNux0
251,7,cooLT
252,18,qhzQn
253,10,uowal
254,17,YR8Oy
255,15,GwEwr
256,53,WIXKE
257,88,aeem8
258,85,UPYoP
259,11,IF1pO
260,37,R6pUy
261,0,vYADh
262,35,TIq4k
263,56,dCekr
264,84,HBbXO
265,36,Lo9h5
266,87,fqBW3
267,52,OQWCL
268,6,nlYrf
269,32,cUS5f
270,32,A5gR0
271,84,HpUXl
272,18,nOuUT
273,12,mfvjr
274,13,24FH4
275,51,2rQei
276,8,EGAAV
277,50,Q5ifr
278,87,AVpil
279,51,vRcjt
280,53,G53C3
281,66,bsZAz
282,28,a8rVi
283,48,qPs5m
284,78,hF1kt
285,32,GIDFA
286,12,d2Mg4
287,30,EoYwt
288,14,DL7zx
289,17,lsA6c
290,82,ExutD
291,53,YOSNP
292,49,PEfma
293,18,EA8Go
294,60,fGTSM
295,13,lRf1j
296,50,0iJGV
297,5,cFCfU
298,48,J8an1
299,5,dkSlj
